"id_penjualan";"id_invoice";"tanggal";"id_barang";"nama_barang";"harga";"unit";"jumlah_barang";"total_harga_per_barang";"mata_uang";"kode_brand";"brand";"id_customer";"nama_customer";"cabang_sales";"id_distributor";"group_category"
IN5997_BRG0001;IN5997;2023-08-01;BRG0001;ACYCLOVIR DUS;96000;DUS;1;96000;IDR;206;OGB & PH;CUST55380;APOTEK TAPAK;Aceh;EPM;Apotek
IN5997_BRG0002;IN5997;2023-08-01;BRG0002;ALERGINE TABLET SALUT;112000;DUS;4;448000;IDR;203;ETIKAL;CUST55380;APOTEK TAPAK;Aceh;EPM;Apotek
IN5997_BRG0003;IN5997;2023-08-01;BRG0003;AMPICILLIN;17000;BOTOL;6;102000;IDR;210;MARCKS;CUST55380;APOTEK TAPAK;Aceh;EPM;Apotek
IN5997_BRG0004;IN5997;2023-08-01;BRG0004;TRAMADOL KAPSUL 50 MG;24500;TABLET;11;269500;IDR;201;VNS;CUST55380;APOTEK TAPAK;Aceh;EPM;Apotek
IN5997_BRG0005;IN5997;2023-08-01;BRG0005;KLORPROMAZINA TABLET SALUT SELAPUT 100 MG;47000;TABLET;40;1880000;IDR;203;SLCYL;CUST55380;APOTEK TAPAK;Aceh;EPM;Apotek
IN6297_BRG0002;IN6297;2023-08-01;BRG0002;ALERGINE TABLET SALUT;112000;DUS;5;560000;IDR;203;ETIKAL;CUST55381;APOTEK MAJA;Kuningan;TA;Apotek
IN6297_BRG0005;IN6297;2023-08-01;BRG0005;KLORPROMAZINA TABLET SALUT SELAPUT 100 MG;47000;TABLET;15;705000;IDR;203;SLCYL;CUST55381;APOTEK MAJA;Kuningan;TA;Apotek
IN6297_BRG0007;IN6297;2023-08-01;BRG0007;ERGOTAMINE COFFEINE;64700;BOTOL;12;776400;IDR;206;ETIKAL;CUST55381;APOTEK MAJA;Kuningan;TA;Apotek
IN6297_BRG0008;IN6297;2023-08-01;BRG0008;TETRACYCLINE KAPSUL 250 MG;9800;TABLET;30;294000;IDR;204;MARCKS;CUST55381;APOTEK MAJA;Kuningan;TA;Apotek
IN6155_BRG0003;IN6155;2023-09-01;BRG0003;AMPICILLIN;17000;BOTOL;9;153000;IDR;210;MARCKS;CUST55382;KLINIK GM;Jakarta;TA;Klinik
IN6155_BRG0004;IN6155;2023-09-01;BRG0004;TRAMADOL KAPSUL 50 MG;24500;TABLET;12;294000;IDR;201;VNS;CUST55382;KLINIK GM;Jakarta;TA;Klinik
IN6155_BRG0005;IN6155;2023-09-01;BRG0005;KLORPROMAZINA TABLET SALUT SELAPUT 100 MG;47000;TABLET;12;564000;IDR;203;SLCYL;CUST55382;KLINIK GM;Jakarta;TA;Klinik
IN6155_BRG0006;IN6155;2023-09-01;BRG0006;KETOCONAZOLE TABLET 200 MG;39000;TABLET;22;858000;IDR;205;OGB & PH;CUST55382;KLINIK GM;Jakarta;TA;Klinik
IN6155_BRG0007;IN6155;2023-09-01;BRG0007;ERGOTAMINE COFFEINE;64700;BOTOL;10;647000;IDR;206;ETIKAL;CUST55382;KLINIK GM;Jakarta;TA;Klinik
IN6155_BRG0008;IN6155;2023-09-01;BRG0008;TETRACYCLINE KAPSUL 250 MG;9800;TABLET;25;245000;IDR;204;MARCKS;CUST55382;KLINIK GM;Jakarta;TA;Klinik
IN6155_BRG0009;IN6155;2023-09-01;BRG0009;AMBROXOL HC;31000;BOTOL;25;775000;IDR;207;VNS;CUST55382;KLINIK GM;Jakarta;TA;Klinik
IN6155_BRG0010;IN6155;2023-09-01;BRG0010;PARACETAMOL;21000;BOTOL;12;252000;IDR;208;SLCYL;CUST55382;KLINIK GM;Jakarta;TA;Klinik
IN6144_BRG0004;IN6144;2023-10-01;BRG0004;TRAMADOL KAPSUL 50 MG;24500;TABLET;13;318500;IDR;201;VNS;CUST55383;APOTEK MERDEKA;Bandung;TA;Apotek
IN6144_BRG0007;IN6144;2023-10-01;BRG0007;ERGOTAMINE COFFEINE;64700;BOTOL;13;841100;IDR;206;ETIKAL;CUST55383;APOTEK MERDEKA;Bandung;TA;Apotek
IN6144_BRG0008;IN6144;2023-10-01;BRG0008;TETRACYCLINE KAPSUL 250 MG;9800;TABLET;13;127400;IDR;204;MARCKS;CUST55383;APOTEK MERDEKA;Bandung;TA;Apotek
IN6144_BRG0009;IN6144;2023-10-01;BRG0009;AMBROXOL HC;31000;BOTOL;13;403000;IDR;207;VNS;CUST55383;APOTEK MERDEKA;Bandung;TA;Apotek
IN6144_BRG0010;IN6144;2023-10-01;BRG0010;PARACETAMOL;21000;BOTOL;13;273000;IDR;208;SLCYL;CUST55383;APOTEK MERDEKA;Bandung;TA;Apotek
IN6280_BRG0001;IN6280;2023-11-01;BRG0001;ACYCLOVIR DUS;96000;DUS;2;192000;IDR;206;OGB & PH;CUST55384;KLINIK SAHABAT;Tangerang;TD;Klinik
IN6280_BRG0002;IN6280;2023-11-01;BRG0002;ALERGINE TABLET SALUT;112000;DUS;3;336000;IDR;203;ETIKAL;CUST55384;KLINIK SAHABAT;Tangerang;TD;Klinik
IN6280_BRG0005;IN6280;2023-11-01;BRG0005;KLORPROMAZINA TABLET SALUT SELAPUT 100 MG;47000;TABLET;5;235000;IDR;203;SLCYL;CUST55384;KLINIK SAHABAT;Tangerang;TD;Klinik
IN6280_BRG0006;IN6280;2023-11-01;BRG0006;KETOCONAZOLE TABLET 200 MG;39000;TABLET;25;975000;IDR;205;OGB & PH;CUST55384;KLINIK SAHABAT;Tangerang;TD;Klinik
IN6280_BRG0007;IN6280;2023-11-01;BRG0007;ERGOTAMINE COFFEINE;64700;BOTOL;10;647000;IDR;206;ETIKAL;CUST55384;KLINIK SAHABAT;Tangerang;TD;Klinik
IN6280_BRG0009;IN6280;2023-11-01;BRG0009;AMBROXOL HC;31000;BOTOL;10;310000;IDR;207;VNS;CUST55384;KLINIK SAHABAT;Tangerang;TD;Klinik
IN6280_BRG0010;IN6280;2023-11-01;BRG0010;PARACETAMOL;21000;BOTOL;10;210000;IDR;208;SLCYL;CUST55384;KLINIK SAHABAT;Tangerang;TD;Klinik
IN6052_BRG0006;IN6052;2023-11-01;BRG0006;KETOCONAZOLE TABLET 200 MG;39000;TABLET;5;195000;IDR;205;OGB & PH;CUST55385;APOTEK SINAR JAYA;Bekasi;TA;Apotek
IN6052_BRG0009;IN6052;2023-11-01;BRG0009;AMBROXOL HC;31000;BOTOL;5;155000;IDR;207;VNS;CUST55385;APOTEK SINAR JAYA;Bekasi;TA;Apotek
IN6052_BRG0010;IN6052;2023-11-01;BRG0010;PARACETAMOL;21000;BOTOL;5;105000;IDR;208;SLCYL;CUST55385;APOTEK SINAR JAYA;Bekasi;TA;Apotek
IN6089_BRG0007;IN6089;2024-01-01;BRG0007;ERGOTAMINE COFFEINE;64700;BOTOL;9;582300;IDR;206;ETIKAL;CUST55386;APOTEK SAHABAT;Padang;EPM;Apotek
IN6251_BRG0001;IN6251;2023-11-01;BRG0001;ACYCLOVIR DUS;96000;DUS;2;192000;IDR;206;OGB & PH;CUST55387;APOTEK TAPAK;Aceh;EPM;Apotek
IN6251_BRG0002;IN6251;2023-11-01;BRG0002;ALERGINE TABLET SALUT;112000;DUS;2;224000;IDR;203;ETIKAL;CUST55387;APOTEK TAPAK;Aceh;EPM;Apotek
IN6251_BRG0003;IN6251;2023-11-01;BRG0003;AMPICILLIN;17000;BOTOL;12;204000;IDR;210;MARCKS;CUST55387;APOTEK TAPAK;Aceh;EPM;Apotek
IN6251_BRG0004;IN6251;2023-11-01;BRG0004;TRAMADOL KAPSUL 50 MG;24500;TABLET;5;122500;IDR;201;VNS;CUST55387;APOTEK TAPAK;Aceh;EPM;Apotek
IN6251_BRG0005;IN6251;2023-11-01;BRG0005;KLORPROMAZINA TABLET SALUT SELAPUT 100 MG;47000;TABLET;5;235000;IDR;203;SLCYL;CUST55387;APOTEK TAPAK;Aceh;EPM;Apotek
IN6251_BRG0006;IN6251;2023-11-01;BRG0006;KETOCONAZOLE TABLET 200 MG;39000;TABLET;5;195000;IDR;205;OGB & PH;CUST55387;APOTEK TAPAK;Aceh;EPM;Apotek
IN6251_BRG0007;IN6251;2023-11-01;BRG0007;ERGOTAMINE COFFEINE;64700;BOTOL;12;776400;IDR;206;ETIKAL;CUST55387;APOTEK TAPAK;Aceh;EPM;Apotek
IN6251_BRG0008;IN6251;2023-11-01;BRG0008;TETRACYCLINE KAPSUL 250 MG;9800;TABLET;5;49000;IDR;204;MARCKS;CUST55387;APOTEK TAPAK;Aceh;EPM;Apotek
IN6251_BRG0009;IN6251;2023-11-01;BRG0009;AMBROXOL HC;31000;BOTOL;12;372000;IDR;207;VNS;CUST55387;APOTEK TAPAK;Aceh;EPM;Apotek
IN6036_BRG0003;IN6036;2024-03-01;BRG0003;AMPICILLIN;17000;BOTOL;15;255000;IDR;210;MARCKS;CUST55388;APOTEK MAJA;Kuningan;TA;Apotek
IN6036_BRG0004;IN6036;2024-03-01;BRG0004;TRAMADOL KAPSUL 50 MG;24500;TABLET;12;294000;IDR;201;VNS;CUST55388;APOTEK MAJA;Kuningan;TA;Apotek
IN6036_BRG0009;IN6036;2024-03-01;BRG0009;AMBROXOL HC;31000;BOTOL;22;682000;IDR;207;VNS;CUST55388;APOTEK MAJA;Kuningan;TA;Apotek
IN6036_BRG0010;IN6036;2024-03-01;BRG0010;PARACETAMOL;21000;BOTOL;10;210000;IDR;208;SLCYL;CUST55388;APOTEK MAJA;Kuningan;TA;Apotek
IN6029_BRG0001;IN6029;2024-04-01;BRG0001;ACYCLOVIR DUS;96000;DUS;1;96000;IDR;206;OGB & PH;CUST55389;KLINIK GM;Jakarta;TA;Klinik
IN6029_BRG0003;IN6029;2024-04-01;BRG0003;AMPICILLIN;17000;BOTOL;5;85000;IDR;210;MARCKS;CUST55389;KLINIK GM;Jakarta;TA;Klinik
IN6029_BRG0004;IN6029;2024-04-01;BRG0004;TRAMADOL KAPSUL 50 MG;24500;TABLET;7;171500;IDR;201;VNS;CUST55389;KLINIK GM;Jakarta;TA;Klinik
IN6029_BRG0005;IN6029;2024-04-01;BRG0005;KLORPROMAZINA TABLET SALUT SELAPUT 100 MG;47000;TABLET;7;329000;IDR;203;SLCYL;CUST55389;KLINIK GM;Jakarta;TA;Klinik
IN6029_BRG0006;IN6029;2024-04-01;BRG0006;KETOCONAZOLE TABLET 200 MG;39000;TABLET;7;273000;IDR;205;OGB & PH;CUST55389;KLINIK GM;Jakarta;TA;Klinik
IN6029_BRG0007;IN6029;2024-04-01;BRG0007;ERGOTAMINE COFFEINE;64700;BOTOL;14;905800;IDR;206;ETIKAL;CUST55389;KLINIK GM;Jakarta;TA;Klinik
IN6029_BRG0008;IN6029;2024-04-01;BRG0008;TETRACYCLINE KAPSUL 250 MG;9800;TABLET;8;78400;IDR;204;MARCKS;CUST55389;KLINIK GM;Jakarta;TA;Klinik
IN6029_BRG0009;IN6029;2024-04-01;BRG0009;AMBROXOL HC;31000;BOTOL;18;558000;IDR;207;VNS;CUST55389;KLINIK GM;Jakarta;TA;Klinik
IN6029_BRG0010;IN6029;2024-04-01;BRG0010;PARACETAMOL;21000;BOTOL;20;420000;IDR;208;SLCYL;CUST55389;KLINIK GM;Jakarta;TA;Klinik
IN6190_BRG0001;IN6190;2023-11-01;BRG0001;ACYCLOVIR DUS;96000;DUS;40;3840000;IDR;206;OGB & PH;CUST55390;APOTEK MERDEKA;Bandung;TA;Apotek
IN6287_BRG0002;IN6287;2024-06-01;BRG0002;ALERGINE TABLET SALUT;112000;DUS;17;1904000;IDR;203;ETIKAL;CUST55391;KLINIK SAHABAT;Tangerang;TD;Klinik
IN6287_BRG0006;IN6287;2024-06-01;BRG0006;KETOCONAZOLE TABLET 200 MG;39000;TABLET;20;780000;IDR;205;OGB & PH;CUST55391;KLINIK SAHABAT;Tangerang;TD;Klinik
IN6287_BRG0010;IN6287;2024-06-01;BRG0010;PARACETAMOL;21000;BOTOL;16;336000;IDR;208;SLCYL;CUST55391;KLINIK SAHABAT;Tangerang;TD;Klinik
IN6102_BRG0003;IN6102;2024-07-01;BRG0003;AMPICILLIN;17000;BOTOL;11;187000;IDR;210;MARCKS;CUST55392;APOTEK SINAR JAYA;Bekasi;TA;Apotek
IN6102_BRG0007;IN6102;2024-07-01;BRG0007;ERGOTAMINE COFFEINE;64700;BOTOL;24;1552800;IDR;206;ETIKAL;CUST55392;APOTEK SINAR JAYA;Bekasi;TA;Apotek
IN6301_BRG0004;IN6301;2022-01-02;BRG0004;TRAMADOL KAPSUL 50 MG;24500;TABLET;12;294000;IDR;201;VNS;CUST55393;APOTEK SAHABAT;Padang;EPM;Apotek
IN6301_BRG0006;IN6301;2022-01-02;BRG0006;KETOCONAZOLE TABLET 200 MG;39000;TABLET;12;468000;IDR;205;OGB & PH;CUST55393;APOTEK SAHABAT;Padang;EPM;Apotek
IN6301_BRG0008;IN6301;2022-01-02;BRG0008;TETRACYCLINE KAPSUL 250 MG;9800;TABLET;24;235200;IDR;204;MARCKS;CUST55393;APOTEK SAHABAT;Padang;EPM;Apotek
IN6301_BRG0009;IN6301;2022-01-02;BRG0009;AMBROXOL HC;31000;BOTOL;10;310000;IDR;207;VNS;CUST55393;APOTEK SAHABAT;Padang;EPM;Apotek
IN6024_BRG0001;IN6024;2024-03-01;BRG0001;ACYCLOVIR DUS;96000;DUS;4;384000;IDR;206;OGB & PH;CUST55394;KLINIK DR. ANDRI;Lampung;TD;Klinik
IN6024_BRG0004;IN6024;2024-03-01;BRG0004;TRAMADOL KAPSUL 50 MG;24500;TABLET;12;294000;IDR;201;VNS;CUST55394;KLINIK DR. ANDRI;Lampung;TD;Klinik
IN6024_BRG0005;IN6024;2024-03-01;BRG0005;KLORPROMAZINA TABLET SALUT SELAPUT 100 MG;47000;TABLET;12;564000;IDR;203;SLCYL;CUST55394;KLINIK DR. ANDRI;Lampung;TD;Klinik
IN6024_BRG0006;IN6024;2024-03-01;BRG0006;KETOCONAZOLE TABLET 200 MG;39000;TABLET;12;468000;IDR;205;OGB & PH;CUST55394;KLINIK DR. ANDRI;Lampung;TD;Klinik
IN6024_BRG0007;IN6024;2024-03-01;BRG0007;ERGOTAMINE COFFEINE;64700;BOTOL;8;517600;IDR;206;ETIKAL;CUST55394;KLINIK DR. ANDRI;Lampung;TD;Klinik
IN6024_BRG0008;IN6024;2024-03-01;BRG0008;TETRACYCLINE KAPSUL 250 MG;9800;TABLET;12;117600;IDR;204;MARCKS;CUST55394;KLINIK DR. ANDRI;Lampung;TD;Klinik
IN6024_BRG0010;IN6024;2024-03-01;BRG0010;PARACETAMOL;21000;BOTOL;16;336000;IDR;208;SLCYL;CUST55394;KLINIK DR. ANDRI;Lampung;TD;Klinik
IN6184_BRG0002;IN6184;2024-04-01;BRG0002;ALERGINE TABLET SALUT;112000;DUS;1;112000;IDR;203;ETIKAL;CUST55395;APOTEK TAPAK;Aceh;EPM;Apotek
IN6184_BRG0003;IN6184;2024-04-01;BRG0003;AMPICILLIN;17000;BOTOL;12;204000;IDR;210;MARCKS;CUST55395;APOTEK TAPAK;Aceh;EPM;Apotek
IN6184_BRG0004;IN6184;2024-04-01;BRG0004;TRAMADOL KAPSUL 50 MG;24500;TABLET;25;612500;IDR;201;VNS;CUST55395;APOTEK TAPAK;Aceh;EPM;Apotek
IN6184_BRG0006;IN6184;2024-04-01;BRG0006;KETOCONAZOLE TABLET 200 MG;39000;TABLET;25;975000;IDR;205;OGB & PH;CUST55395;APOTEK TAPAK;Aceh;EPM;Apotek
IN6307_BRG0001;IN6307;2023-11-01;BRG0001;ACYCLOVIR DUS;96000;DUS;4;384000;IDR;206;OGB & PH;CUST55396;APOTEK MAJA;Kuningan;TA;Apotek
IN6307_BRG0002;IN6307;2023-11-01;BRG0002;ALERGINE TABLET SALUT;112000;DUS;4;448000;IDR;203;ETIKAL;CUST55396;APOTEK MAJA;Kuningan;TA;Apotek
IN6307_BRG0003;IN6307;2023-11-01;BRG0003;AMPICILLIN;17000;BOTOL;24;408000;IDR;210;MARCKS;CUST55396;APOTEK MAJA;Kuningan;TA;Apotek
IN6307_BRG0004;IN6307;2023-11-01;BRG0004;TRAMADOL KAPSUL 50 MG;24500;TABLET;12;294000;IDR;201;VNS;CUST55396;APOTEK MAJA;Kuningan;TA;Apotek
IN6307_BRG0005;IN6307;2023-11-01;BRG0005;KLORPROMAZINA TABLET SALUT SELAPUT 100 MG;47000;TABLET;14;658000;IDR;203;SLCYL;CUST55396;APOTEK MAJA;Kuningan;TA;Apotek
IN6307_BRG0006;IN6307;2023-11-01;BRG0006;KETOCONAZOLE TABLET 200 MG;39000;TABLET;15;585000;IDR;205;OGB & PH;CUST55396;APOTEK MAJA;Kuningan;TA;Apotek
IN6307_BRG0007;IN6307;2023-11-01;BRG0007;ERGOTAMINE COFFEINE;64700;BOTOL;22;1423400;IDR;206;ETIKAL;CUST55396;APOTEK MAJA;Kuningan;TA;Apotek
IN6308_BRG0001;IN6308;2023-11-01;BRG0001;ACYCLOVIR DUS;96000;DUS;8;768000;IDR;206;OGB & PH;CUST55397;KLINIK GM;Jakarta;TA;Klinik
IN6308_BRG0006;IN6308;2023-11-01;BRG0006;KETOCONAZOLE TABLET 200 MG;39000;TABLET;10;390000;IDR;205;OGB & PH;CUST55397;KLINIK GM;Jakarta;TA;Klinik
IN6245_BRG0008;IN6245;2024-06-01;BRG0008;TETRACYCLINE KAPSUL 250 MG;9800;TABLET;34;333200;IDR;204;MARCKS;CUST55397;KLINIK GM;Jakarta;TA;Klinik
IN6195_BRG0004;IN6195;2024-07-01;BRG0004;TRAMADOL KAPSUL 50 MG;24500;TABLET;10;245000;IDR;201;VNS;CUST55398;APOTEK MERDEKA;Bandung;TA;Apotek
IN6195_BRG0007;IN6195;2024-07-01;BRG0007;ERGOTAMINE COFFEINE;64700;BOTOL;10;647000;IDR;206;ETIKAL;CUST55398;APOTEK MERDEKA;Bandung;TA;Apotek
IN6195_BRG0009;IN6195;2024-07-01;BRG0009;AMBROXOL HC;31000;BOTOL;67;2077000;IDR;207;VNS;CUST55398;APOTEK MERDEKA;Bandung;TA;Apotek
IN6023_BRG0004;IN6023;2022-01-02;BRG0004;TRAMADOL KAPSUL 50 MG;24500;TABLET;10;245000;IDR;201;VNS;CUST55399;KLINIK SAHABAT;Tangerang;TD;Klinik
IN6023_BRG0005;IN6023;2022-01-02;BRG0005;KLORPROMAZINA TABLET SALUT SELAPUT 100 MG;47000;TABLET;10;470000;IDR;203;SLCYL;CUST55399;KLINIK SAHABAT;Tangerang;TD;Klinik
IN6023_BRG0006;IN6023;2022-01-02;BRG0006;KETOCONAZOLE TABLET 200 MG;39000;TABLET;10;390000;IDR;205;OGB & PH;CUST55399;KLINIK SAHABAT;Tangerang;TD;Klinik
IN6023_BRG0007;IN6023;2022-01-02;BRG0007;ERGOTAMINE COFFEINE;64700;BOTOL;10;647000;IDR;206;ETIKAL;CUST55399;KLINIK SAHABAT;Tangerang;TD;Klinik
IN6023_BRG0008;IN6023;2022-01-02;BRG0008;TETRACYCLINE KAPSUL 250 MG;9800;TABLET;10;98000;IDR;204;MARCKS;CUST55399;KLINIK SAHABAT;Tangerang;TD;Klinik
IN6023_BRG0009;IN6023;2022-01-02;BRG0009;AMBROXOL HC;31000;BOTOL;67;2077000;IDR;207;VNS;CUST55399;KLINIK SAHABAT;Tangerang;TD;Klinik
IN6023_BRG0010;IN6023;2022-01-02;BRG0010;PARACETAMOL;21000;BOTOL;15;315000;IDR;208;SLCYL;CUST55399;KLINIK SAHABAT;Tangerang;TD;Klinik
IN6113_BRG0001;IN6113;2022-01-02;BRG0001;ACYCLOVIR DUS;96000;DUS;2;192000;IDR;206;OGB & PH;CUST55382;KLINIK GM;Jakarta;TA;Klinik
IN6113_BRG0002;IN6113;2022-01-02;BRG0002;ALERGINE TABLET SALUT;112000;DUS;2;224000;IDR;203;ETIKAL;CUST55382;KLINIK GM;Jakarta;TA;Klinik
IN6113_BRG0004;IN6113;2022-01-02;BRG0004;TRAMADOL KAPSUL 50 MG;24500;TABLET;12;294000;IDR;201;VNS;CUST55382;KLINIK GM;Jakarta;TA;Klinik
IN6113_BRG0005;IN6113;2022-01-02;BRG0005;KLORPROMAZINA TABLET SALUT SELAPUT 100 MG;47000;TABLET;12;564000;IDR;203;SLCYL;CUST55382;KLINIK GM;Jakarta;TA;Klinik
IN6259_BRG0002;IN6259;2022-01-02;BRG0002;ALERGINE TABLET SALUT;112000;DUS;25;2800000;IDR;203;ETIKAL;CUST55405;APOTEK MERDEKA;Bandung;TA;Apotek
IN6259_BRG0003;IN6259;2022-01-02;BRG0003;AMPICILLIN;17000;BOTOL;14;238000;IDR;210;MARCKS;CUST55405;APOTEK MERDEKA;Bandung;TA;Apotek
IN6259_BRG0004;IN6259;2022-01-02;BRG0004;TRAMADOL KAPSUL 50 MG;24500;TABLET;18;441000;IDR;201;VNS;CUST55405;APOTEK MERDEKA;Bandung;TA;Apotek
IN6259_BRG0005;IN6259;2022-01-02;BRG0005;KLORPROMAZINA TABLET SALUT SELAPUT 100 MG;47000;TABLET;18;846000;IDR;203;SLCYL;CUST55405;APOTEK MERDEKA;Bandung;TA;Apotek
IN6259_BRG0006;IN6259;2022-01-02;BRG0006;KETOCONAZOLE TABLET 200 MG;39000;TABLET;19;741000;IDR;205;OGB & PH;CUST55405;APOTEK MERDEKA;Bandung;TA;Apotek
IN6063_BRG0001;IN6063;2022-01-02;BRG0001;ACYCLOVIR DUS;96000;DUS;12;1152000;IDR;206;OGB & PH;CUST55417;APOTEK TAPAK;Aceh;EPM;Apotek
IN6063_BRG0002;IN6063;2022-01-02;BRG0002;ALERGINE TABLET SALUT;112000;DUS;25;2800000;IDR;203;ETIKAL;CUST55417;APOTEK TAPAK;Aceh;EPM;Apotek
IN6063_BRG0003;IN6063;2022-01-02;BRG0003;AMPICILLIN;17000;BOTOL;14;238000;IDR;210;MARCKS;CUST55417;APOTEK TAPAK;Aceh;EPM;Apotek
IN6063_BRG0004;IN6063;2022-01-02;BRG0004;TRAMADOL KAPSUL 50 MG;24500;TABLET;21;514500;IDR;201;VNS;CUST55417;APOTEK TAPAK;Aceh;EPM;Apotek
IN6063_BRG0005;IN6063;2022-01-02;BRG0005;KLORPROMAZINA TABLET SALUT SELAPUT 100 MG;47000;TABLET;24;1128000;IDR;203;SLCYL;CUST55417;APOTEK TAPAK;Aceh;EPM;Apotek
IN6063_BRG0006;IN6063;2022-01-02;BRG0006;KETOCONAZOLE TABLET 200 MG;39000;TABLET;10;390000;IDR;205;OGB & PH;CUST55417;APOTEK TAPAK;Aceh;EPM;Apotek
IN6063_BRG0007;IN6063;2022-01-02;BRG0007;ERGOTAMINE COFFEINE;64700;BOTOL;23;1488100;IDR;206;ETIKAL;CUST55417;APOTEK TAPAK;Aceh;EPM;Apotek
IN6063_BRG0008;IN6063;2022-01-02;BRG0008;TETRACYCLINE KAPSUL 250 MG;9800;TABLET;12;117600;IDR;204;MARCKS;CUST55417;APOTEK TAPAK;Aceh;EPM;Apotek
IN6063_BRG0009;IN6063;2022-01-02;BRG0009;AMBROXOL HC;31000;BOTOL;10;310000;IDR;207;VNS;CUST55417;APOTEK TAPAK;Aceh;EPM;Apotek
IN6063_BRG0010;IN6063;2022-01-02;BRG0010;PARACETAMOL;21000;BOTOL;67;1407000;IDR;208;SLCYL;CUST55417;APOTEK TAPAK;Aceh;EPM;Apotek
IN6064_BRG0004;IN6064;2022-02-02;BRG0004;TRAMADOL KAPSUL 50 MG;24500;TABLET;24;588000;IDR;201;VNS;CUST55380;APOTEK TAPAK;Aceh;EPM;Apotek
IN6064_BRG0005;IN6064;2022-02-02;BRG0005;KLORPROMAZINA TABLET SALUT SELAPUT 100 MG;47000;TABLET;24;1128000;IDR;203;SLCYL;CUST55380;APOTEK TAPAK;Aceh;EPM;Apotek
IN6131_BRG0009;IN6131;2024-04-01;BRG0009;AMBROXOL HC;31000;BOTOL;10;310000;IDR;207;VNS;CUST55418;APOTEK MAJA;Kuningan;TA;Apotek
IN6131_BRG0010;IN6131;2024-04-01;BRG0010;PARACETAMOL;21000;BOTOL;27;567000;IDR;208;SLCYL;CUST55418;APOTEK MAJA;Kuningan;TA;Apotek
IN6028_BRG0001;IN6028;2024-06-01;BRG0001;ACYCLOVIR DUS;96000;DUS;98;9408000;IDR;206;OGB & PH;CUST55420;APOTEK MERDEKA;Bandung;TA;Apotek
IN6028_BRG0002;IN6028;2024-06-01;BRG0002;ALERGINE TABLET SALUT;112000;DUS;5;560000;IDR;203;ETIKAL;CUST55420;APOTEK MERDEKA;Bandung;TA;Apotek
IN6028_BRG0003;IN6028;2024-06-01;BRG0003;AMPICILLIN;17000;BOTOL;4;68000;IDR;210;MARCKS;CUST55420;APOTEK MERDEKA;Bandung;TA;Apotek
IN6028_BRG0004;IN6028;2024-06-01;BRG0004;TRAMADOL KAPSUL 50 MG;24500;TABLET;8;196000;IDR;201;VNS;CUST55420;APOTEK MERDEKA;Bandung;TA;Apotek
IN6028_BRG0005;IN6028;2024-06-01;BRG0005;KLORPROMAZINA TABLET SALUT SELAPUT 100 MG;47000;TABLET;9;423000;IDR;203;SLCYL;CUST55420;APOTEK MERDEKA;Bandung;TA;Apotek
IN6028_BRG0006;IN6028;2024-06-01;BRG0006;KETOCONAZOLE TABLET 200 MG;39000;TABLET;10;390000;IDR;205;OGB & PH;CUST55420;APOTEK MERDEKA;Bandung;TA;Apotek
IN6028_BRG0007;IN6028;2024-06-01;BRG0007;ERGOTAMINE COFFEINE;64700;BOTOL;7;452900;IDR;206;ETIKAL;CUST55420;APOTEK MERDEKA;Bandung;TA;Apotek
IN6028_BRG0008;IN6028;2024-06-01;BRG0008;TETRACYCLINE KAPSUL 250 MG;9800;TABLET;100;980000;IDR;204;MARCKS;CUST55420;APOTEK MERDEKA;Bandung;TA;Apotek
IN6028_BRG0009;IN6028;2024-06-01;BRG0009;AMBROXOL HC;31000;BOTOL;67;2077000;IDR;207;VNS;CUST55420;APOTEK MERDEKA;Bandung;TA;Apotek
IN6028_BRG0010;IN6028;2024-06-01;BRG0010;PARACETAMOL;21000;BOTOL;78;1638000;IDR;208;SLCYL;CUST55420;APOTEK MERDEKA;Bandung;TA;Apotek
IN6306_BRG0001;IN6306;2024-03-01;BRG0001;ACYCLOVIR DUS;96000;DUS;45;4320000;IDR;206;OGB & PH;CUST55430;APOTEK SINAR JAYA;Bekasi;TA;Apotek
IN6306_BRG0004;IN6306;2024-03-01;BRG0004;TRAMADOL KAPSUL 50 MG;24500;TABLET;45;1102500;IDR;201;VNS;CUST55430;APOTEK SINAR JAYA;Bekasi;TA;Apotek
IN6306_BRG0005;IN6306;2024-03-01;BRG0005;KLORPROMAZINA TABLET SALUT SELAPUT 100 MG;47000;TABLET;34;1598000;IDR;203;SLCYL;CUST55430;APOTEK SINAR JAYA;Bekasi;TA;Apotek
